{
	"time" : [ 0.0, 0.330884, 0.499229, 0.586304, 1.102948, 1.224853, 1.451247, 1.526712, 1.799546, 1.909841, 2.159456, 2.252336, 2.321995, 2.46712, 2.72254, 2.954739, 3.256599, 3.372698, 3.964807, 4.017052, 4.098322, 4.237642, 4.574331, 5.021315, 5.265125, 5.334785, 5.497324, 5.590204, 6.101043, 6.228753, 6.455147, 6.530612, 6.797642, 6.907937, 7.157551, 7.250431, 7.320091, 7.72644, 7.952834, 8.254694, 8.376599, 8.968707, 9.020952, 9.096417, 9.241542, 9.404082, 9.572426, 10.06585, 10.245805, 10.478005, 10.872744, 10.924989, 11.296508, 11.476463, 11.720272, 11.906032, 12.039546, 12.120816, 12.271746, 12.382041, 12.434286, 12.492336, 12.81161, 12.921905, 13.096054, 13.165714, 13.252789, 13.711383, 13.914558, 14.024853, 14.100317, 14.332517, 14.524082, 14.733061, 14.796916, 15.017506, 15.180045, 15.25551, 15.470295, 15.58059, 15.667664, 15.806984, 15.888254, 16.039184, 16.132063, 16.195918, 16.358458, 16.416508, 16.468753, 16.625488, 16.706757, 16.880907, 16.962177, 17.060862, 17.142132, 17.211791, 17.310476, 17.362721, 17.455601, 17.548481, 17.66458, 17.73424, 17.93161, 18.134785, 18.204444, 18.256689, 18.355374, 18.506304, 18.680454, 18.848798, 19.127438, 19.185488, 19.295782, 19.644082, 19.702132, 20.003991, 20.096871, 20.462585, 20.764444, 20.915374, 21.008254, 21.170794, 21.228844, 21.286893, 21.501678, 21.588753, 21.687438, 21.786122, 21.925442, 21.995102, 22.047347, 22.151837, 22.302766, 22.476916, 22.9239, 22.976145, 23.092245, 23.440544, 23.800454, 23.893333, 24.259048, 24.555102, 24.607347, 24.804717, 24.961451, 25.019501, 25.292336, 25.385215, 25.582585, 25.779955, 25.849615 ],
	"duration" : [ 0.005805, 0.168345, 0.087075, 0.516644, 0.121905, 0.226395, 0.075465, 0.272834, 0.110295, 0.249615, 0.09288, 0.06966, 0.145125, 0.255419, 0.2322, 0.301859, 0.1161, 0.592109, 0.052245, 0.08127, 0.13932, 0.336689, 0.446984, 0.24381, 0.06966, 0.16254, 0.09288, 0.510839, 0.12771, 0.226395, 0.075465, 0.267029, 0.110295, 0.249615, 0.09288, 0.06966, 0.406349, 0.226395, 0.301859, 0.121905, 0.592109, 0.052245, 0.075465, 0.145125, 0.16254, 0.168345, 0.493424, 0.179955, 0.2322, 0.394739, 0.052245, 0.371519, 0.179955, 0.24381, 0.18576, 0.133515, 0.08127, 0.15093, 0.110295, 0.052245, 0.05805, 0.319274, 0.110295, 0.17415, 0.06966, 0.087075, 0.458594, 0.203175, 0.110295, 0.075465, 0.2322, 0.191565, 0.20898, 0.063855, 0.22059, 0.16254, 0.075465, 0.214785, 0.110295, 0.087075, 0.13932, 0.08127, 0.15093, 0.09288, 0.063855, 0.16254, 0.05805, 0.052245, 0.156735, 0.08127, 0.17415, 0.08127, 0.098685, 0.08127, 0.06966, 0.098685, 0.052245, 0.09288, 0.09288, 0.1161, 0.06966, 0.19737, 0.203175, 0.06966, 0.052245, 0.098685, 0.15093, 0.17415, 0.168345, 0.278639, 0.05805, 0.110295, 0.348299, 0.05805, 0.301859, 0.09288, 0.365714, 0.301859, 0.15093, 0.09288, 0.16254, 0.05805, 0.05805, 0.214785, 0.087075, 0.098685, 0.098685, 0.13932, 0.06966, 0.052245, 0.10449, 0.15093, 0.17415, 0.446984, 0.052245, 0.1161, 0.348299, 0.359909, 0.09288, 0.365714, 0.296054, 0.052245, 0.19737, 0.156735, 0.05805, 0.20898, 0.029025, 0.029025, 0.005805, 0.06966, 0.144558 ],
	"frequency" : [ 2990.443359, 3649.821533, 3490.49707, 2945.101318, 3673.643311, 3956.346191, 3638.80249, 3169.469727, 2668.305176, 3978.279541, 4030.634277, 3850.561035, 4082.452148, 3611.891113, 3711.65625, 3152.91333, 3638.12915, 3990.923096, 3625.930908, 3988.137939, 3945.016846, 3736.119141, 3316.588867, 2092.328613, 1022.245483, 3479.165283, 2722.168701, 2978.076904, 3266.84375, 3758.868896, 3661.435791, 3307.824463, 2651.101807, 3820.881104, 3987.073242, 3523.917236, 3792.845215, 3788.771973, 3068.749268, 3852.913574, 3938.527588, 3958.661865, 3790.337158, 3948.47998, 3585.474365, 4092.238281, 3711.022705, 3516.691895, 3988.679688, 4163.754883, 2711.528076, 3065.279053, 4397.907227, 3813.222168, 3981.980957, 4032.062256, 3856.967041, 3828.580566, 3869.310791, 4507.098633, 4518.318848, 3707.059326, 3055.643799, 3632.58374, 4047.101807, 3898.515869, 3087.35083, 3361.583008, 3480.4646, 3177.672607, 2438.304932, 1912.1604, 3203.016602, 2443.606445, 3794.614014, 2914.813721, 2664.419678, 2633.061768, 3085.738525, 3435.641846, 3659.637939, 2606.167725, 2963.309326, 2522.007324, 3201.626221, 2738.736816, 4096.009766, 3540.473633, 3641.584229, 3619.638184, 3012.613525, 3990.077148, 3787.825928, 3279.851562, 2459.042725, 3617.915283, 3751.287354, 3158.785645, 3217.509766, 4072.155762, 3586.108154, 3660.251709, 4126.025391, 3990.114258, 2348.508789, 3848.214111, 3904.169434, 3923.617676, 3763.86377, 3694.035645, 3626.652344, 4556.791992, 3870.273926, 3399.840576, 4029.486328, 4364.01123, 3957.497803, 3437.118164, 3198.616943, 2414.185791, 2527.190186, 2192.489502, 3433.136963, 1134.505127, 462.180786, 321.528961, 77.021629, 3928.304443, 4008.251465, 2732.811035, 4017.547852, 3917.433105, 4089.496338, 3793.333008, 3834.146729, 4508.158691, 3894.93457, 3917.956055, 4133.404785, 3992.291992, 3619.101807, 2460.527588, 3000.05835, 2852.72583, 1683.203979, 2263.260742, 1242.342773, 1277.513916, 7148.458496, 1440.846802, 402.132935 ],
	"energy" : [ 0.00001, 0.000066, 0.000135, 0.000284, 0.000579, 0.000818, 0.000941, 0.001508, 0.001324, 0.001735, 0.001818, 0.003704, 0.002433, 0.003207, 0.003262, 0.004501, 0.004653, 0.007114, 0.009036, 0.008178, 0.008787, 0.012455, 0.012013, 0.008511, 0.010571, 0.010006, 0.011712, 0.010069, 0.010566, 0.011424, 0.011147, 0.013981, 0.009709, 0.01049, 0.009293, 0.017843, 0.011717, 0.010379, 0.011666, 0.01125, 0.013178, 0.013918, 0.012179, 0.01242, 0.01291, 0.019116, 0.013042, 0.021079, 0.013849, 0.015372, 0.039078, 0.019637, 0.019729, 0.028331, 0.024109, 0.016998, 0.021184, 0.020435, 0.017646, 0.030853, 0.034169, 0.029959, 0.024358, 0.019965, 0.011855, 0.030172, 0.026968, 0.028073, 0.028195, 0.011468, 0.026386, 0.027059, 0.016673, 0.030618, 0.021777, 0.025529, 0.02574, 0.032604, 0.020279, 0.017277, 0.0203, 0.02094, 0.017268, 0.015299, 0.024749, 0.026549, 0.026925, 0.034444, 0.03215, 0.019419, 0.025835, 0.016816, 0.023395, 0.028927, 0.03997, 0.025377, 0.007645, 0.019914, 0.023123, 0.018024, 0.010283, 0.016653, 0.017575, 0.011707, 0.016637, 0.014137, 0.012019, 0.018057, 0.015015, 0.01258, 0.011163, 0.018397, 0.013882, 0.011759, 0.013541, 0.010606, 0.010872, 0.01044, 0.008355, 0.009995, 0.008542, 0.010463, 0.005671, 0.008567, 0.008138, 0.009457, 0.007994, 0.003689, 0.002483, 0.00346, 0.002958, 0.002381, 0.003393, 0.002352, 0.001856, 0.002775, 0.001954, 0.001622, 0.001143, 0.00104, 0.000818, 0.000565, 0.000555, 0.000433, 0.00048, 0.0003, 0.000203, 0.000125, 0.000131, 0.006606, 0.0081 ],