{
	"time" : [ 0.0, 0.296054, 0.365714, 0.441179, 0.731429, 0.870748, 1.184218, 1.329342, 1.451247, 1.596372, 1.764717, 2.014331, 2.176871, 2.310385, 2.449705, 2.59483, 2.908299, 3.036009 ],
	"duration" : [ 0.296054, 0.06966, 0.075465, 0.290249, 0.13932, 0.313469, 0.145125, 0.121905, 0.145125, 0.168345, 0.249615, 0.16254, 0.133515, 0.13932, 0.145125, 0.313469, 0.12771, 0.436621 ],
	"frequency" : [ 294.778992, 1648.236572, 730.247314, 2355.16748, 2455.192871, 1547.026001, 183.142899, 1299.228882, 406.329498, 1284.638916, 338.473724, 405.169952, 1420.588501, 350.794586, 111.866631, 1193.674316, 800.138184, 3415.491943 ],
	"energy" : [ 0.028981, 0.003704, 0.001235, 0.001273, 0.000791, 0.041246, 0.007019, 0.003785, 0.005417, 0.027161, 0.011785, 0.045618, 0.004614, 0.004946, 0.024315, 0.044989, 0.008113, 0.01266 ],
	"periodicity" : [ 0.188176, 0.198434, 0.211892, 0.134753, 0.111663, 0.114781, 0.301761, 0.256073, 0.186847, 0.126047, 0.160897, 0.11973, 0.199802, 0.17707, 0.032117, 0.093054, 0.138234, 0.113147 ],
	"AC1" : [ 0.979311, 0.962795, 0.944002, 0.792874, 0.670466, 0.865142, 0.960608, 0.806647, 0.941056, 0.861193, 0.982539, 0.983897, 0.84291, 0.977991, 0.983339, 0.840618, 0.884785, 0.051647 ],
	"loudness" : [ -35.466511, -42.280445, -51.114933, -47.19043, -48.665283, -24.187159, -38.809269, -39.403881, -39.151432, -26.391985, -39.367271, -35.943634, -39.607777, -42.137955, -44.834019, -22.83374, -33.825417, -23.110607 ],
	"centroid" : [ 6743.866699, 7330.234375, 6798.092773, 7708.743164, 7653.376465, 6062.289551, 7129.591797, 7775.472168, 6550.50293, 5850.064453, 6788.042969, 5316.96875, 7524.800781, 6667.36377, 5250.790039, 5774.722656, 7183.004883, 7201.590332 ],
	"spread" : [ 5323641.5, 3331020.25, 3812552.25, 3634990.5, 2864049.25, 4712409.0, 4937424.0, 4881941.5, 3243472.5, 4104228.25, 3573297.25, 6045544.0, 4970356.0, 3538219.25, 7967811.0, 4673665.0, 5080786.5, 4761394.0 ],
	"skewness" : [ -0.269189, 0.448391, -0.307704, 0.307795, 0.396173, 0.005523, -0.604427, 0.054315, -0.230573, -0.238345, -0.432115, -0.431254, 0.125516, -0.295261, -0.3256, -0.040048, -0.272814, 0.241775 ],
	"kurtosis" : [ 4.278214, 5.409713, 5.306414, 3.582232, 5.257755, 3.710743, 4.543541, 3.984236, 4.913301, 3.663512, 5.718649, 3.436696, 3.992997, 5.220663, 3.471179, 3.500986, 4.152818, 3.302028 ]
}
