{
	"time" : [ 0.0, 0.10449, 0.16254, 0.342494, 0.621134, 0.696599, 0.789478, 0.876553, 1.050703, 1.166803, 1.224853, 1.335147, 1.399002, 1.578957, 1.753107, 1.938866, 2.113016, 2.287166, 2.461315, 2.57161, 2.635465, 2.751565 ],
	"duration" : [ 0.10449, 0.05805, 0.179955, 0.278639, 0.075465, 0.09288, 0.087075, 0.17415, 0.1161, 0.05805, 0.110295, 0.063855, 0.179955, 0.17415, 0.18576, 0.17415, 0.17415, 0.17415, 0.110295, 0.063855, 0.1161, 0.064354 ],
	"frequency" : [ 470.525879, 2135.003662, 2540.706055, 1423.013672, 1485.290161, 3945.668701, 3382.939453, 2707.413574, 4223.361328, 3499.213623, 140.146683, 2212.299316, 3027.190674, 2608.436768, 2183.556396, 2897.725586, 3157.916504, 2408.039307, 3121.709961, 2563.978516, 4327.858887, 3788.8479 ],
	"energy" : [ 0.264692, 0.045621, 0.105879, 0.105457, 0.067183, 0.031856, 0.10999, 0.122695, 0.099904, 0.045435, 0.286309, 0.046489, 0.058455, 0.064478, 0.147637, 0.122901, 0.045172, 0.130056, 0.056399, 0.031221, 0.102441, 0.043828 ],
	"periodicity" : [ 0.265576, 0.048738, 0.206529, 0.064273, 0.030276, 0.139635, 0.04144, 0.03655, 0.077878, 0.106324, 0.256672, 0.046719, 0.057036, 0.060914, 0.032989, 0.032011, 0.062139, 0.046754, 0.107707, 0.097255, 0.071522, 0.082764 ],
	"AC1" : [ 0.990719, 0.900444, 0.965404, 0.493924, 0.430815, -0.119625, 0.054877, 0.179053, 0.285661, 0.765291, 0.969963, 0.903994, 0.847787, 0.844391, 0.657735, 0.243424, 0.69996, 0.386334, 0.50233, 0.742801, 0.423233, 0.916505 ],
	"loudness" : [ -19.879839, -23.760824, -21.994709, -13.875506, -13.368675, -12.731366, -5.871916, -9.048719, -8.738279, -20.234198, -17.369637, -24.325947, -23.480591, -22.581297, -10.161668, -9.047699, -22.753117, -9.275561, -16.363676, -21.64522, -9.095751, -23.215338 ],
	"centroid" : [ 5826.900879, 7056.484863, 6756.073242, 3782.716064, 4019.32959, 6863.95752, 5517.19043, 5083.267578, 5656.69043, 7005.504883, 5200.181641, 7031.815918, 5422.394043, 5321.337891, 5096.046387, 5065.658203, 5140.763184, 4031.174805, 7064.792969, 7120.060059, 5605.475098, 7350.689941 ],
	"spread" : [ 8764751.0, 2979188.0, 5604338.0, 2811043.75, 3157501.5, 3457741.5, 4479958.0, 4944048.0, 3350346.25, 2812238.0, 9869701.0, 3103054.0, 3321062.0, 3206903.25, 4862637.0, 4857436.0, 3181198.75, 2580249.5, 2416610.0, 2757989.0, 3258388.5, 2977815.75 ],
	"skewness" : [ -0.67655, -0.905951, -0.031705, 0.492184, 0.442544, 0.570142, 0.186878, 0.516377, 0.238583, -0.895483, -0.630115, -0.911451, 0.051767, 0.033787, 0.537512, 0.508801, 0.113449, 0.592988, -0.578646, -0.822546, 0.269317, -1.042007 ],
	"kurtosis" : [ 3.502772, 4.046886, 4.401743, 3.918657, 3.49963, 4.293202, 3.147115, 3.326889, 2.817005, 4.190387, 3.068472, 4.117606, 4.086316, 4.087095, 3.488999, 3.341098, 4.040266, 3.710367, 4.357019, 3.818898, 2.938289, 4.611856 ]
}
